[
{
    "model": "products.product",
    "pk": 1,
    "fields": {
        "title": "Cosplay de Jill V.",
        "description": "Esta es una playera pes Andr\u00e9s",
        "price": "200.00",
        "slug": "cosplay-de-jill-v",
        "image": "products/jill_valentine.jpg",
        "created_at": "2020-04-18T21:54:42.107Z"
    }
},
{
    "model": "products.product",
    "pk": 2,
    "fields": {
        "title": "Playera para caballero",
        "description": "Esta playera es para caballero nomas te digo",
        "price": "20.00",
        "slug": "playera-para-caballero",
        "image": "products/awake.jpg",
        "created_at": "2020-04-23T22:33:47.133Z"
    }
}
]
